{
  "obstacle_count": 1,
  "start_position": [
    3.0,
    3.0,
    1.0
  ],
  "goal_position": [
    0.7388710006309158,
    -2.893151656843943,
    1.0
  ],
  "obstacles": [
    {
      "id": "test_obs_0",
      "shape": "box",
      "pos": [
        1.3543942524222388,
        -1.152255631349288,
        1.0
      ],
      "size": [
        0.06853622099771087,
        0.101304831438078,
        1.0
      ],
      "color": [
        0.6519445561288719,
        0.8322886794144679,
        0.513230895441762,
        1.0
      ]
    }
  ]
}