{
  "obstacle_count": 1,
  "start_position": [
    3.0,
    3.0,
    1.0
  ],
  "goal_position": [
    2.558160880378268,
    -0.3176705093647394,
    1.0
  ],
  "obstacles": [
    {
      "id": "test_obs_0",
      "shape": "box",
      "pos": [
        1.064124495227358,
        -2.6650916894743486,
        1.0
      ],
      "size": [
        0.06226142407765859,
        0.05790987151682636,
        1.0
      ],
      "color": [
        0.16420347659479673,
        0.5390523611677294,
        0.7705212011629382,
        1.0
      ]
    }
  ]
}